﻿<?xml version="1.0" encoding="utf-8"?>
<publishData>
  <publishProfile publishUrl="\\win-gs9gmujits8\drops\ws" deleteExistingFiles="False" ftpAnonymousLogin="False" ftpPassiveMode="True" msdeploySite="" msdeploySiteID="" msdeployRemoteSitePhysicalPath="" msdeployAllowUntrustedCertificate="False" msdeploySkipExtraFilesOnServer="True" msdeployMarkAsApp="False" profileName="Profile1" publishMethod="FileSystem" replaceMatchingFiles="True" userName="" savePWD="False" userPWD="" SelectedForPublish="True">
    <file relUrl="Loga.asmx" publishTime="06/27/2011 14:26:32" />
    <file relUrl="bin/TFSObjects.dll" publishTime="01/04/2012 19:31:04" />
    <file relUrl="Web.config" publishTime="12/06/2011 15:35:59" />
    <file relUrl="bin/Servicos.dll" publishTime="01/04/2012 19:31:05" />
    <file relUrl="bin/Servicos.pdb" publishTime="01/04/2012 19:31:05" />
    <file relUrl="WorkItem.asmx" publishTime="06/27/2011 14:26:32" />
    <file relUrl="bin/TFSObjects.pdb" publishTime="01/04/2012 19:31:04" />
  </publishProfile>
</publishData>